First Name;Last Name;Company Name;Role In Company;Address;E-Mail;Phone Number
"Ollie";"Taylor";"Publix Super Markets";"Analyst";"1357 stanley road";"otaylor@publixsupermarkets.party";"85818984666";
"Finlay";"Hopkins";"Cadence";"Insurance Agent";"5952 chester road";"fhopkins@cadence.pub";"87798709603";
"Gracie";"Murphy";"Cooley";"Massage Therapist";"9821 church lane";"gmurphy@cooley.diamonds";"55278514465";
"Louie";"Porter";"Hilton";"Programmer";"7509 albert road";"lporter@hilton.democrat";"50119769312";
"Arthur";"Mitchell";"Slalom";"Pharmacist";"8871 south street";"amitchell@slalom.surgery";"47896786164";
"Elsie";"Ward";"Marriott International";"Elementary School Teacher";"7615 kingsway";"eward@marriottinternational.casino";"86433688928";
"Gabriel";"Palmer";"Bright Horizons Family Solutions";"Medical Secretary";"4587 church lane";"gpalmer@brighthorizonsfamilysolutions.news";"97088697939";
"Elizabeth";"Stone";"Aperture Inc.";"IT Specialist";"4652 park avenue";"estone@apertureinc.furniture";"98541727382";
"Harriet";"Palmer";"Baird";"Diagnostic Medical Sonographer";"5103 george street";"hpalmer@baird.sale";"29310654704";
"Amelia";"Shaw";"Alston & Bird";"Dental Assistant";"3424 the crescent";"ashaw@alston&bird.host";"14419672098";
"Harper";"Clarke";"Methodist Le Bonheur Healthcare";"Personal Care Aide";"2959 stanley road";"hclarke@methodistlebonheurhealthcare.buzz";"31902979877";
"Lexi";"Lowe";"IT Solutions";"Speech-Language Pathologist";"6952 st. john's road";"llowe@itsolutions.help";"16733097280";
"Ollie";"Holland";"Activision Blizzard";"Programmer";"9607 the green";"oholland@activisionblizzard.fans";"52525759791";
"Kai";"Harvey";"Deloitte";"Hairdresser";"4962 the drive";"kharvey@deloitte.soccer";"11648081024";
"Rosie";"Singh";"Four Seasons Hotels & Resorts";"HR Manager";"1863 the green";"rsingh@fourseasonshotels&resorts.koeln";"45944846482";
"Tyler";"Hunt";"Kimpton Hotels & Restaurants";"Customer Service Representative";"5366 queensway";"thunt@kimptonhotels&restaurants.hockey";"46779639236";
"Lottie";"Powell";"Nationwide";"Construction Manager";"9314 manor road";"lpowell@nationwide.luxury";"58028007321";
"Sara";"Palmer";"AT&T";"Scientist";"3594 church street";"spalmer@at&t.auction";"58784127365";
"Eliza";"Lawrence";"TechDev";"Mental Health Counselor";"6665 albert road";"elawrence@techdev.solar";"54779145568";
"Samuel";"Gray";"Four Seasons Hotels & Resorts";"Administrative Assistant";"5808 south street";"sgray@fourseasonshotels&resorts.lighting";"48579749586";
